galaxy,Npoints,data_quality_flag,has_bulge,bulge_size_kpc,gas_negative_flag,R_max_kpc,Mtot_Msun,Mgas_Msun,Mdisk_Msun,Mbul_Msun,bulge_to_total_at_Rmax,disk_vs_gas_ratio,Phi_N_Rmax,shear_mean,v_flat_kms
CamB_rotmod,9,ok,False,0.0,False,1.79,112391369.12195069,19871694.60272274,92519674.51922795,0.0,0.0,3.7915857320286817,3.0047804606762723e-09,0.9717415099129585,15.080000000000002
D512-2_rotmod,4,review,False,0.0,False,3.83,417327826.82164824,58280275.4323407,359047551.38930756,0.0,0.0,8.473593845059266,5.214484556947805e-09,0.3466102742970071,32.375
D564-8_rotmod,6,ok,False,0.0,False,3.07,77148229.6273317,35376060.84056732,41772168.78676437,0.0,0.0,1.7619455688020969,1.202597799235049e-09,0.6005440740457993,21.16
D631-7_rotmod,16,ok,False,0.0,False,7.19,658689865.5335963,453463010.6734288,205226854.8601676,0.0,0.0,0.7348984347478813,4.3841449743165594e-09,0.6601266000053374,57.7
DDO064_rotmod,14,review,False,0.0,True,2.98,545756640.2492838,340544153.51745045,205212486.73183313,0.0,0.0,1.3662034030175096,8.764266606030432e-09,0.6489215124073028,46.46
DDO154_rotmod,12,ok,False,0.0,False,5.92,390621003.52837855,336682840.5096149,53938163.018763706,0.0,0.0,0.4517894680661748,3.1576697048785994e-09,0.4985810060862607,46.959999999999994
DDO161_rotmod,31,ok,False,0.0,False,13.37,2978248034.3085856,2404136728.86676,574111305.4418261,0.0,0.0,0.5316175431901082,1.0660124388340862e-08,0.4848887433565829,66.52000000000001
DDO168_rotmod,10,ok,False,0.0,False,4.12,752037327.7350788,495340587.7399184,256696739.9951603,0.0,0.0,0.5634558336446779,8.735243129318272e-09,0.5925691286561156,53.36
DDO170_rotmod,8,ok,False,0.0,False,12.33,2423287337.9378586,1777409713.1867368,645877624.7511218,0.0,0.0,0.6308880870907995,9.405343301476899e-09,0.4028174472275813,59.08
ESO079-G014_rotmod,15,ok,False,0.0,False,16.67,66169726422.2711,6354142229.668014,59815584192.603065,0.0,0.0,21.737206964059272,1.899575479942726e-07,0.5012471508024339,172.6
ESO116-G012_rotmod,15,review,False,0.0,True,9.86,7532542627.742089,2609713606.1481504,4922829021.593938,0.0,0.0,5.5967036457223545,3.655926861660038e-08,0.46132137708515647,110.0
ESO444-G084_rotmod,7,ok,False,0.0,False,4.44,290659785.92687553,215548220.9370836,75111564.98979202,0.0,0.0,0.5926826372192797,3.1328153279264733e-09,0.4469798058076799,56.879999999999995
ESO563-G021_rotmod,30,ok,False,0.0,False,42.41,382562942571.5088,38160534891.66034,344402407679.8486,0.0,0.0,39.80081096306171,4.3168548140695824e-07,0.5158746296394964,317.6
F561-1_rotmod,6,ok,False,0.0,False,9.66,7412718984.675573,1922877193.1039305,5489841791.571644,0.0,0.0,4.45695041654613,3.672258339182793e-08,0.4199722450207084,47.220000000000006
F563-1_rotmod,17,ok,False,0.0,False,20.1,8112817036.951536,5836532741.43328,2276284295.518252,0.0,0.0,1.2478881481055382,1.9315610536341107e-08,0.40466206471865857,110.6
F563-V1_rotmod,6,ok,False,0.0,False,7.87,1740342877.6480079,744410186.1371679,995932691.5108399,0.0,0.0,1.9908225537355895,1.058261273483594e-08,0.47408387263493706,27.140000000000004
F563-V2_rotmod,10,ok,False,0.0,False,10.47,7286108208.43779,3811575797.193492,3474532411.244297,0.0,0.0,1.897593293559906,3.3302876810198314e-08,0.5769811590447532,116.6
F565-V2_rotmod,7,ok,False,0.0,False,8.8,2217662552.790262,1503721764.6778018,713940788.1124599,0.0,0.0,0.9278646401117486,1.205995276181209e-08,0.6918226857461665,72.25999999999999
F567-2_rotmod,5,review,False,0.0,True,9.59,3743449978.1626453,1307954580.6570349,2435495397.505612,0.0,0.0,4.443700169188017,1.8680403069940306e-08,0.3809634176694599,44.31999999999999
F568-1_rotmod,12,review,False,0.0,True,13.23,14591627230.709446,6913938835.38999,7677688395.319459,0.0,0.0,2.904425071126454,5.278088863607092e-08,0.6245979278372273,131.2
F568-3_rotmod,18,ok,False,0.0,False,17.98,16383152657.198435,6358353653.447644,10024799003.750788,0.0,0.0,4.422352634195987,4.3605433300625454e-08,0.6336982307724135,108.5
F568-V1_rotmod,15,review,False,0.0,True,17.63,9817499531.149529,5321163641.006958,4496335890.142572,0.0,0.0,4.959666539982092,2.6649029197987577e-08,0.4792758441776884,113.0
F571-8_rotmod,13,ok,False,0.0,False,15.55,11568274772.490488,460017518.64358205,11108257253.846909,0.0,0.0,106.01198054738552,3.560172309101069e-08,0.5695913167568708,131.8
F571-V1_rotmod,7,ok,False,0.0,False,13.59,4853091370.032733,2620777856.4007936,2232313513.6319413,0.0,0.0,1.629622190711483,1.7089597215547922e-08,0.488420857741857,79.72
F574-1_rotmod,14,ok,False,0.0,False,12.6,10019647913.724644,2640083721.610425,7379564192.114219,0.0,0.0,7.582395293251816,3.805526333441631e-08,0.5235060481131895,98.41999999999999
F574-2_rotmod,5,review,False,0.0,True,10.83,5319738432.788899,1998149271.323906,3321589161.464994,0.0,0.0,2.813899802667986,2.350686093368992e-08,0.722801875229644,28.32
F579-V1_rotmod,14,review,False,0.0,True,15.16,18091650098.72058,3847734142.1482253,14243915956.572353,0.0,0.0,12.147940164323087,5.710995186936256e-08,0.27670966807678354,113.4
F583-1_rotmod,25,review,False,0.0,True,16.26,7017583775.533212,5913427754.363232,1104156021.1699803,0.0,0.0,1.8312227854198015,2.0653795871406838e-08,0.6030836655456875,82.96000000000001
F583-4_rotmod,12,ok,False,0.0,False,7.29,2713678146.5874763,398325047.32584095,2315353099.2616343,0.0,0.0,12.072326670923365,1.7814089285696744e-08,0.5020863065434356,65.16
IC2574_rotmod,34,ok,False,0.0,False,10.23,3122410433.028059,1755822819.137191,1366587613.8908672,0.0,0.0,2.060347357959162,1.460653391555498e-08,0.7281213294816358,65.35999999999999
IC4202_rotmod,32,ok,True,0.77,False,25.9,227154066975.972,21794213330.57811,167901453545.51257,37458400099.881355,0.16490305720057236,24.240719465708793,4.1971410894140874e-07,0.40735188714534126,241.8
KK98-251_rotmod,15,ok,False,0.0,False,3.13,333380702.0041401,220580774.95072386,112799927.05341618,0.0,0.0,0.5444523113640767,5.0971678476875684e-09,0.8740594408675832,33.0
NGC0024_rotmod,29,ok,False,0.0,False,11.27,5306282362.309149,1103327409.5023732,4202954952.8067765,0.0,0.0,16.191332481023213,2.253197475697663e-08,0.38300879021968703,107.2
NGC0055_rotmod,21,ok,False,0.0,False,13.5,10777382763.045452,3545655786.2220693,7231726976.823381,0.0,0.0,1.4051769057345707,3.820430948532505e-08,0.45628691412422967,86.32000000000001
NGC0100_rotmod,21,review,False,0.0,True,9.62,4646606367.194719,1046438932.9835668,3600167434.2111526,0.0,0.0,10.638844627712656,2.3114985583947833e-08,0.6266342772615305,88.84
NGC0247_rotmod,26,ok,False,0.0,False,14.54,12116155497.945189,3603765772.20072,8512389725.744468,0.0,0.0,3.763379068158442,3.9877988853842455e-08,0.39021280087110194,106.2
NGC0289_rotmod,28,ok,False,0.0,False,71.12,119642551449.43477,46869856078.54615,72772695370.88861,0.0,0.0,7.60464048620458,8.050571914555575e-08,-0.01383209037833317,163.0
NGC0300_rotmod,25,ok,False,0.0,False,11.8,4694059403.251523,1296662243.6327555,3397397159.6187696,0.0,0.0,5.221639914927006,1.903703856710706e-08,0.35036327493171004,93.96000000000001
NGC0801_rotmod,13,ok,False,0.0,False,59.82,410358127950.4721,62229251744.746414,348128876205.72577,0.0,0.0,27.882911994387854,3.2828379627773853e-07,0.07843449439534356,217.4
NGC0891_rotmod,18,review,True,0.92,True,17.11,159576009962.2855,8069981731.991204,132582755881.19267,18923272349.101585,0.11858469423802455,62.415784291569,4.4632417202178345e-07,-0.0031829753000264813,213.8
NGC1003_rotmod,36,ok,False,0.0,False,30.24,16762038084.218277,9860778631.970226,6901259452.248049,0.0,0.0,3.4514967910041765,2.6526371768458288e-08,0.21554805596297663,113.4
NGC1090_rotmod,24,review,False,0.0,True,30.09,98059795600.57307,19304687143.312035,78755108457.26102,0.0,0.0,16.03099880904364,1.5595582903566762e-07,0.36034563047773155,161.8
NGC1705_rotmod,14,ok,False,0.0,False,6.0,812857411.7683493,285664515.15792483,527192896.6104244,0.0,0.0,4.553902504547234,6.483297273668662e-09,0.08677716565369048,71.52000000000001
NGC2366_rotmod,26,review,False,0.0,True,6.06,1217551065.366738,965689895.0381209,251861170.32861736,0.0,0.0,0.7587854176425873,9.61495767083695e-09,0.6263598666172001,49.46
NGC2403_rotmod,73,ok,False,0.0,False,20.87,17967401046.551895,7713308448.592485,10254092597.959412,0.0,0.0,7.853361214230546,4.1199849387285784e-08,0.2532647142720292,134.4
NGC2683_rotmod,11,ok,True,2.89,False,34.62,83877992255.77765,1976472767.4722607,76502034102.10303,5399485386.20237,0.06437308811275755,60.56163504308471,1.1594546820465645e-07,-0.12886449661532273,157.0
NGC2841_rotmod,50,review,True,3.44,True,63.64,260382393453.5531,69895406848.24136,144317205865.96893,46169780739.342735,0.17731529435218316,15.577184116558971,1.9580070876179212e-07,-0.04460080394072437,288.2
NGC2903_rotmod,34,ok,False,0.0,False,24.96,88495454799.06099,5526653067.495275,82968801731.56572,0.0,0.0,62.953338944146616,1.6967161759704817e-07,0.1693369943825649,179.6
NGC2915_rotmod,30,ok,False,0.0,False,10.04,1574649876.0521543,924412147.9205871,650237728.131567,0.0,0.0,3.557485220151305,7.505560089768709e-09,0.40146240857467563,84.91999999999999
NGC2955_rotmod,24,ok,True,0.75,False,35.43,377585259137.73694,49898902266.01871,256501246816.95944,71185110054.75868,0.18852724869958845,21.96868323138979,5.100076548590605e-07,0.07106108112023483,250.6
NGC2976_rotmod,27,ok,False,0.0,False,2.27,3333880329.3951135,470262454.73151386,2863617874.6635995,0.0,0.0,10.754516470549838,7.028408013045513e-08,0.8687640067385632,84.28
NGC2998_rotmod,13,ok,False,0.0,False,42.28,207154429431.01547,40794554804.38817,166359874626.62723,0.0,0.0,15.431758464259374,2.3447257939162223e-07,0.15424916735288616,211.2
NGC3109_rotmod,25,ok,False,0.0,False,6.45,803822966.8936889,564984539.5649544,238838427.32873434,0.0,0.0,0.7397459173758467,5.9639433817044025e-09,0.742862239726854,66.16
NGC3198_rotmod,43,review,False,0.0,True,44.08,62382839168.32526,23455770635.305206,38927068533.02002,0.0,0.0,13.689162122580417,6.772614660819034e-08,0.28868458955409937,149.2
NGC3521_rotmod,41,review,False,0.0,True,17.74,96945031704.27249,7355658476.569262,89589373227.70326,0.0,0.0,157.63470542416306,2.6151990949342545e-07,0.07108127210710086,207.6
NGC3726_rotmod,12,ok,False,0.0,False,32.52,86406534052.06908,11506101900.972101,74900432151.09695,0.0,0.0,17.290352529089013,1.2715365953230812e-07,0.1691940623162786,161.6
NGC3741_rotmod,21,ok,False,0.0,False,7.0,317519500.58581764,289624620.3825082,27894880.203309357,0.0,0.0,0.5753523644875783,2.1707268521579197e-09,0.40112485595263625,50.08
NGC3769_rotmod,12,ok,False,0.0,False,37.16,27493668664.845554,8610941672.641441,18882726992.204113,0.0,0.0,8.573816691560115,3.5407054949853606e-08,0.06374733080824432,117.8
NGC3877_rotmod,13,ok,False,0.0,False,11.35,97433019710.98302,2419543204.9937162,95013476505.98932,0.0,0.0,61.5219348133537,4.108119961199338e-07,0.5206862138521136,170.0
NGC3893_rotmod,10,ok,False,0.0,False,19.05,71812660906.9903,8774774145.768925,63037886761.22137,0.0,0.0,19.183390369028036,1.8040096439597637e-07,0.05099877294577059,179.4
NGC3917_rotmod,17,ok,False,0.0,False,14.86,30478483372.300816,3491609316.559752,26986874055.741066,0.0,0.0,16.917944257155675,9.815385445009198e-08,0.5463594450680267,137.2
NGC3949_rotmod,7,ok,False,0.0,False,7.07,43176266543.568665,3561923294.957237,39614343248.61143,0.0,0.0,30.601715056997403,2.9225267037589526e-07,0.2098337857300646,160.8
NGC3953_rotmod,8,ok,False,0.0,False,15.68,179591397728.4821,5126658302.435557,174464739426.0465,0.0,0.0,107.30896405205455,5.481157579446388e-07,0.12081862360822362,221.8
NGC3972_rotmod,10,ok,False,0.0,False,8.72,19146510850.67673,1833196922.5867841,17313313928.089943,0.0,0.0,17.9352595170884,1.0507659063809892e-07,0.500447605149336,127.4
NGC3992_rotmod,9,ok,False,0.0,False,46.02,266075071487.83557,21561134240.47665,244513937247.35895,0.0,0.0,25.901545672709,2.7668804128562286e-07,-0.05159215817917643,245.6
NGC4010_rotmod,12,ok,False,0.0,False,10.47,22583795381.408745,2769524060.2938623,19814271321.11488,0.0,0.0,12.19215580347456,1.0322456570474672e-07,0.5066355491699451,125.8
NGC4013_rotmod,36,ok,True,5.49,False,31.01,85656191628.25897,4945367170.462772,65288457986.0542,15422366471.741987,0.18004964006190965,26.75154226332522,1.3218732399069646e-07,-0.08269175436876036,176.4
NGC4051_rotmod,7,ok,False,0.0,False,12.19,85374841743.1386,4264509077.5883265,81110332665.55025,0.0,0.0,50.91653714390298,3.3516527873961734e-07,0.16790269973867375,153.6
NGC4068_rotmod,6,ok,False,0.0,False,2.33,490606519.630223,213668345.78553808,276938173.8446849,0.0,0.0,2.615659584524984,1.0076511617689338e-08,0.9253433140221824,28.78
NGC4085_rotmod,7,ok,False,0.0,False,6.2,28816501012.497597,900943352.4688337,27915557660.028755,0.0,0.0,55.2342263218582,2.224243717638018e-07,0.5939180407525554,127.6
NGC4088_rotmod,12,ok,False,0.0,False,21.48,128648861682.75436,12595443733.615084,116053417949.13931,0.0,0.0,21.93656916672396,2.866186766924132e-07,0.2210935635667203,169.8
NGC4100_rotmod,24,ok,False,0.0,False,22.76,69032394732.40137,5641107907.5163965,63391286824.884964,0.0,0.0,27.395800368814147,1.4514881592487672e-07,0.0388317481717382,160.4
NGC4138_rotmod,7,ok,True,2.61,False,18.58,47676775718.87312,2361350753.519375,36826221344.37969,8489203620.974055,0.1780574187950708,47.860044773047775,1.227987605647149e-07,-0.1365012420329425,157.0
NGC4157_rotmod,17,ok,True,1.74,False,29.61,121919759631.32205,12729199613.044489,107172789805.69476,2017770212.582751,0.0165499851597835,18.93997099562568,1.9704640061034822e-07,0.13417922748592653,185.2
NGC4183_rotmod,23,ok,False,0.0,False,21.02,18261635870.09698,6107132272.405056,12154503597.691925,0.0,0.0,3.9617003084495206,4.1575720378621595e-08,0.2305850407631107,110.8
NGC4214_rotmod,14,ok,False,0.0,False,5.63,1449855391.3828804,253637021.04942703,1196218370.3334525,0.0,0.0,9.613499574641954,1.2323926762310703e-08,0.12170580895037707,80.42
NGC4217_rotmod,19,ok,True,0.87,False,16.72,91792386230.47101,4339253303.444408,18977698294.941456,68475434632.08513,0.7459816379558757,10.031954571735026,2.6272609002584115e-07,0.3344406504267987,178.8
NGC4389_rotmod,6,ok,False,0.0,False,5.32,24924164453.934994,597575504.5712222,24326588949.363777,0.0,0.0,72.13333662295987,2.24203192112016e-07,0.7509615333442498,82.26
NGC4559_rotmod,32,review,False,0.0,True,20.97,33697958433.786823,13092392786.333485,20605565647.453346,0.0,0.0,6.331040090008952,7.69020603554589e-08,0.24555248845753538,120.8
NGC5005_rotmod,18,ok,True,0.49,False,11.47,201041020855.90234,7161170494.003103,173068321476.38474,20811528885.514503,0.10351881818403282,15.463896384710624,8.387916118152963e-07,0.07214728956531533,264.6
NGC5033_rotmod,22,ok,True,0.76,False,44.59,133467887279.08562,19026643242.50462,89223316840.8625,25217927195.718468,0.18894378048396748,13.729714641043856,1.4324257823019337e-07,-0.02491689313332189,193.2
NGC5055_rotmod,28,ok,False,0.0,False,54.59,173796223539.60123,22112801232.334187,151683422307.26706,0.0,0.0,40.688486302568315,1.5235617356047242e-07,0.01808513255215058,176.6
NGC5371_rotmod,19,ok,False,0.0,False,46.24,382682494823.46747,18028160506.746365,364654334316.7211,0.0,0.0,41.72963366279883,3.960532550146609e-07,-0.0008956790720750331,208.8
NGC5585_rotmod,24,ok,False,0.0,False,10.96,5788439024.679656,2688242071.9239044,3100196952.755749,0.0,0.0,5.60591612884252,2.5274567020494267e-08,0.4114686232687506,90.75999999999999
NGC5907_rotmod,19,ok,False,0.0,False,50.33,232776196194.17163,45461835121.947014,187314361072.22464,0.0,0.0,13.280729807057828,2.2133212437182598e-07,-0.025190484181628402,215.8
NGC5985_rotmod,33,review,True,3.54,True,34.72,290982692959.89844,18267192177.24039,262536460349.0401,10179040433.617985,0.034981600898926324,45.21235575213865,4.010700739512006e-07,0.08807225738114292,290.6
NGC6015_rotmod,44,review,False,0.0,True,29.23,43134618955.60116,9948200396.766268,33186418558.834896,0.0,0.0,10.03057182738774,7.062036637074668e-08,0.19741288351019157,154.0
NGC6195_rotmod,23,ok,True,1.33,False,36.43,433300610054.4114,36794895421.02106,291675858704.5951,104829855928.79523,0.24193332180084237,18.59584236759077,5.691974489860523e-07,0.060633033266630804,251.0
NGC6503_rotmod,31,ok,False,0.0,False,23.5,16548034350.81908,3541689136.07997,13006345214.73911,0.0,0.0,11.810640978544788,3.369856187373232e-08,0.05717741926476694,115.6
NGC6674_rotmod,15,ok,True,2.5,False,72.41,255593049268.10284,33744151685.985157,204598636434.02197,17250261148.095722,0.06749111995608754,18.38117230702749,1.6892086921087662e-07,-0.0065405656529818,241.6
NGC6789_rotmod,4,review,False,0.0,False,0.71,98645135.8273222,23258706.85453183,75386428.97279038,0.0,0.0,3.717459672715382,6.6489052206617384e-09,0.7494943635323256,37.725
NGC6946_rotmod,58,ok,True,0.19,False,20.4,77277186459.82681,5434671420.768538,67731665730.451195,4110849308.607062,0.05319615654930865,24.75560412083025,1.812816936743462e-07,0.0539844281364933,156.8
NGC7331_rotmod,36,review,True,2.67,True,36.31,286000460411.10815,19426361414.235107,254948002159.90424,11626096836.96882,0.04065062280059626,36.45815628574232,3.7694093120681117e-07,-0.01860048329304448,238.2
NGC7793_rotmod,46,ok,False,0.0,False,7.87,9949333168.072176,1755023440.8144817,8194309727.257694,0.0,0.0,14.743745329030222,6.049953790132475e-08,0.43559284793732367,99.66
NGC7814_rotmod,18,review,True,0.63,True,19.53,80025041231.25587,2327452715.9399495,27167436319.19417,50530152196.12178,0.6314292553764522,43.27121824539013,1.960904662020396e-07,-0.06304244344729024,214.0
PGC51017_rotmod,6,ok,False,0.0,False,3.63,347627120.9129413,170180224.47955886,177446896.4333825,0.0,0.0,2.066359951778284,4.582894315879248e-09,-0.051537939293505926,18.9
UGC00128_rotmod,22,ok,False,0.0,False,53.75,27941799356.843082,15064810740.020943,12876988616.822147,0.0,0.0,1.7975106433889236,2.4877613535896347e-08,0.27589216830007895,130.4
UGC00191_rotmod,9,ok,False,0.0,False,9.98,5005496176.074343,2638344189.950542,2367151986.1238008,0.0,0.0,3.4643932511750757,2.4002109262189778e-08,0.3579979387243978,74.08
UGC00634_rotmod,4,review,False,0.0,False,18.01,8857385933.269672,5508515836.949517,3348870096.320154,0.0,0.0,1.2398710322676025,2.3535567305136112e-08,0.3276074865668133,95.7375
UGC00731_rotmod,12,ok,False,0.0,False,10.91,3659467978.118591,3241922445.252739,417545532.8658524,0.0,0.0,0.29391761169921893,1.605188414076952e-08,0.3592982646016509,73.32000000000001
UGC00891_rotmod,5,review,False,0.0,False,7.39,1228642793.8103776,759164060.7498682,469478733.06050926,0.0,0.0,0.8990713019727619,7.956352485278945e-09,0.6034417666631539,49.190000000000005
UGC01230_rotmod,11,ok,False,0.0,False,36.54,21599159511.876312,13329197598.74699,8269961913.129324,0.0,0.0,2.1512475997971996,2.828792712575277e-08,0.3550023540658185,106.6
UGC01281_rotmod,25,review,False,0.0,True,4.99,871232694.7578529,485665867.8835738,385566826.874279,0.0,0.0,1.920833872901428,8.355384400181566e-09,0.9068435397417627,55.620000000000005
UGC02023_rotmod,5,review,False,0.0,False,3.78,1507565266.2099352,333499727.43232137,1174065538.777614,0.0,0.0,5.725424492909318,1.9086097533378577e-08,0.8355117000476333,37.48
UGC02259_rotmod,8,ok,False,0.0,False,8.14,3379698568.5148845,1251964780.6009717,2127733787.913913,0.0,0.0,3.447437235224097,1.9869474382443915e-08,0.2143245245226288,86.16
UGC02455_rotmod,8,ok,False,0.0,False,4.03,4819099957.7542515,829844420.3748413,3989255537.3794127,0.0,0.0,12.73069227135783,5.722604132561095e-08,0.5938836276955984,46.0
UGC02487_rotmod,17,review,True,9.93,True,80.38,546589439478.80774,33470723358.660202,406646188735.764,106472527384.38358,0.19479433683517353,41.4723032735781,3.254213560260833e-07,-0.068775414895891,330.8
UGC02885_rotmod,19,ok,True,1.7,False,74.07,579913694392.0485,128140681869.6417,402977368384.16034,48795644138.246376,0.08414294163099771,10.9379511348887,3.746742405126187e-07,0.022068017487591098,298.0
UGC02916_rotmod,43,review,True,0.37,True,38.0,179815720261.60648,44074539916.81599,63938470131.60178,71802710213.18874,0.39931275257094284,6.31243879187898,2.2645237303227627e-07,-0.0009499829470784148,190.8
UGC02953_rotmod,115,review,True,0.09,True,62.39,277212167758.4389,13511694665.600948,233484816534.4378,30215656558.4001,0.10899830553155895,135.59871963116558,2.1263273193996382e-07,0.0329263687978976,265.8
UGC03205_rotmod,48,review,True,0.28,True,40.04,134443750786.65335,17021398533.56672,100032761065.32462,17389591187.762012,0.12934473403198396,37.81922111356114,1.6068649106754118e-07,0.11075106992525025,213.8
UGC03546_rotmod,30,review,True,0.63,True,29.23,109647534260.71468,4718629003.8415365,77517025429.505,27411879827.36814,0.2499999659106741,80.4403619703755,1.795158790926371e-07,-0.06786235656240208,192.0
UGC03580_rotmod,47,review,True,0.11,True,27.06,21253724451.007854,7658707962.008811,10350217193.050966,3244799295.9480715,0.15266967930386444,11.065080010916523,3.758720817328643e-08,0.17157890116260432,127.0
UGC04278_rotmod,25,review,False,0.0,True,6.69,4122540754.0039244,2322341759.8595147,1800198994.1444087,0.0,0.0,3.4931671179667396,2.9489788350650716e-08,0.6720212143137075,89.08000000000001
UGC04305_rotmod,22,review,False,0.0,True,5.52,1878306603.356307,956511399.4352162,921795203.9210906,0.0,0.0,2.4873170833053333,1.6283967365361522e-08,0.5652739999414966,34.64
UGC04325_rotmod,8,ok,False,0.0,False,5.59,3799083096.4892282,1111960415.4093125,2687122681.0799155,0.0,0.0,4.0706187504356235,3.252368908859402e-08,0.3633994848646651,90.91999999999999
UGC04483_rotmod,8,ok,False,0.0,False,1.21,57643304.29711805,42978186.90347882,14665117.393639218,0.0,0.0,0.7931306474051196,2.2797977118527434e-09,0.58597948556846,22.6
UGC04499_rotmod,9,review,False,0.0,True,8.18,4068021194.918449,1979282606.3497891,2088738588.5686595,0.0,0.0,2.1751491861889907,2.3799219749768512e-08,0.45727349507251275,71.58000000000001
UGC05005_rotmod,11,ok,False,0.0,False,28.61,14562488066.825853,10127871122.7155,4434616944.110353,0.0,0.0,1.9590895617669675,2.43584999763442e-08,0.5306111378903287,94.84
UGC05253_rotmod,73,review,True,0.13,True,53.29,208803558630.7003,28332874778.06334,114805637184.80742,65665046667.82954,0.31448241159513857,38.9218628859267,1.8751024081648085e-07,-0.00988041987224862,212.6
UGC05414_rotmod,6,ok,False,0.0,False,4.11,1646129004.613377,521897269.9278815,1124231734.6854966,0.0,0.0,3.0897640528108385,1.9167031698455913e-08,0.6104673595353163,50.12
UGC05716_rotmod,12,ok,False,0.0,False,12.37,2840578900.3364353,2227521428.955374,613057471.3810616,0.0,0.0,0.9066210801277826,1.0989298569474156e-08,0.262764393554044,73.36999999999999
UGC05721_rotmod,23,ok,False,0.0,False,6.74,1486780626.7592828,947551301.3360076,539229325.4232754,0.0,0.0,3.180866996169132,1.0556496612720251e-08,0.2896848150573606,78.7
UGC05750_rotmod,11,ok,False,0.0,False,22.85,11005042422.432638,7257313898.234341,3747728524.1983,0.0,0.0,2.759251537016269,2.3048269973936802e-08,0.8046130932512088,71.9
UGC05764_rotmod,10,ok,False,0.0,False,3.62,429333335.4911439,324320908.6523175,105012426.83882636,0.0,0.0,0.4596376745034404,5.675692469632759e-09,0.3844533597023635,52.85999999999999
UGC05829_rotmod,11,review,False,0.0,True,6.91,2580378158.444509,1922228224.4257722,658149934.0187367,0.0,0.0,0.8011080771751229,1.7870558501341573e-08,0.6059225931206706,60.879999999999995
UGC05918_rotmod,8,ok,False,0.0,False,4.46,551867545.3353218,254298707.32769763,297568838.00762403,0.0,0.0,2.094239482862301,5.92151469711691e-09,0.4470851549269775,40.9
UGC05986_rotmod,15,review,False,0.0,True,9.41,6846594713.174494,1689633436.8303115,5156961276.344184,0.0,0.0,8.749424292816075,3.481912175903442e-08,0.4632769828974775,111.6
UGC05999_rotmod,5,review,False,0.0,False,16.22,12545009951.93555,8312809372.338603,4232200579.5969462,0.0,0.0,1.3695819931286424,3.7012888255903046e-08,0.49493288629122684,83.24
UGC06399_rotmod,9,ok,False,0.0,False,7.85,4231988631.2201433,1220541291.0060475,3011447340.214096,0.0,0.0,4.998949457348675,2.57992838857287e-08,0.5572061503688678,83.54
UGC06446_rotmod,17,ok,False,0.0,False,10.22,3710883223.0736456,2600205520.124248,1110677702.9493966,0.0,0.0,1.3610341181592587,1.7376376091595417e-08,0.2869896465202959,83.05999999999999
UGC06614_rotmod,13,review,True,3.23,True,64.59,183147697631.93762,56411845218.55828,59925658733.00004,66810193680.37932,0.36478860801539686,10.339359310801658,1.3569660891568887e-07,0.0609303223586958,201.2
UGC06628_rotmod,7,review,False,0.0,True,7.69,5667687013.545022,1761711338.8536282,3905975674.6913943,0.0,0.0,5.032910969509758,3.5270558378927114e-08,0.216660381456385,41.760000000000005
UGC06667_rotmod,9,ok,False,0.0,False,7.85,2143242878.8149486,1091964049.7767348,1051278829.0382136,0.0,0.0,0.9883492109705768,1.3065756145632935e-08,0.5338711690709598,82.53999999999999
UGC06786_rotmod,45,review,True,0.16,True,34.05,83340417073.97456,6676304230.433706,57764634377.92029,18899478465.620583,0.22677446464954742,46.14770002373547,1.1713086999727518e-07,0.06143055704789593,217.4
UGC06787_rotmod,71,review,True,0.12,True,37.19,112543772486.9479,9484896866.386969,55131752482.42995,47927123138.131004,0.42585317764862807,36.90090264237873,1.448198542599041e-07,0.013188602670790953,250.0
UGC06818_rotmod,8,ok,False,0.0,False,6.98,2669265764.5850596,709560231.3416508,1959705533.2434084,0.0,0.0,7.6559724262194875,1.830076353286465e-08,0.6234356241068817,64.92
UGC06917_rotmod,11,ok,False,0.0,False,10.47,12126409217.475183,3307372582.2650294,8819036635.21015,0.0,0.0,7.416809478559796,5.542661469835861e-08,0.3322676345776121,106.0
UGC06923_rotmod,6,ok,False,0.0,False,5.16,4368624116.2552805,1139569320.8474486,3229054795.4078307,0.0,0.0,5.432597508293457,4.051611480134029e-08,0.43290079377852153,73.14000000000001
UGC06930_rotmod,10,ok,False,0.0,False,16.61,16495083199.956884,6172782722.721069,10322300477.235815,0.0,0.0,3.7498151858559163,4.7524515029812825e-08,0.26906101761474926,108.0
UGC06973_rotmod,9,ok,True,1.74,False,7.85,58372292937.54288,1721294051.9255872,49328630855.545586,7322368030.071708,0.12544252866520914,75.40678618360653,3.558524107193535e-07,0.029752236369920453,176.0
UGC06983_rotmod,17,ok,False,0.0,False,15.68,11689357667.219519,5859275910.831414,5830081756.388104,0.0,0.0,3.18008944871332,3.5676102634607825e-08,0.217721665339874,108.4
UGC07089_rotmod,12,ok,False,0.0,False,9.16,5893365419.914625,1484325354.079993,4409040065.834633,0.0,0.0,5.4014049919617255,3.0789363616121335e-08,0.5443557567196814,74.7
UGC07125_rotmod,13,ok,False,0.0,False,18.68,8127357062.487583,5157428270.275246,2969928792.2123356,0.0,0.0,1.4644439569275969,2.082117738258927e-08,0.3251577215986643,65.3
UGC07151_rotmod,11,review,False,0.0,True,5.5,3950794887.6040573,1024144740.2769556,2926650147.327102,0.0,0.0,5.7942621730921235,3.437594211520771e-08,0.42699553057761147,72.53999999999999
UGC07232_rotmod,4,review,False,0.0,False,0.82,143667700.14094242,31090050.34392469,112577649.7970177,0.0,0.0,6.480373723773853,8.384518029249274e-09,0.7202328267486678,30.45
UGC07261_rotmod,7,ok,False,0.0,False,6.67,3286009358.6209316,1351401257.1737914,1934608101.4471402,0.0,0.0,6.6467099347186,2.3576306986938508e-08,0.236581870729779,72.12
UGC07323_rotmod,10,review,False,0.0,True,5.82,6129802958.992349,1116137331.3147838,5013665627.677564,0.0,0.0,9.33281031098383,5.04029952446763e-08,0.5764892689000118,78.12
UGC07399_rotmod,10,ok,False,0.0,False,6.13,2304468398.3003325,930396486.8569597,1374071911.4433725,0.0,0.0,3.1583181466365753,1.7990494388833766e-08,0.3166405986383357,100.2
UGC07524_rotmod,31,review,False,0.0,True,10.69,6618272448.663064,2968594997.0780907,3649677451.584974,0.0,0.0,2.2847631231101064,2.962782371660472e-08,0.4859500094513859,81.32000000000001
UGC07559_rotmod,7,ok,False,0.0,False,2.53,299951640.43115205,159176189.56057087,140775450.87058112,0.0,0.0,2.05512698057982,5.673662995930519e-09,0.652684570677764,28.080000000000002
UGC07577_rotmod,9,review,False,0.0,True,1.69,88043787.47915974,32681513.416964263,55362274.06219549,0.0,0.0,3.0445147433775737,2.4931294450500713e-09,0.7233363851011684,14.180000000000001
UGC07603_rotmod,12,ok,False,0.0,False,4.11,698042229.5139676,283027959.88853496,415014269.62543267,0.0,0.0,3.619823968353922,8.127794056515908e-09,0.4497409233322157,62.0
UGC07608_rotmod,8,ok,False,0.0,False,4.78,940388247.4002801,646559179.4459565,293829067.9543236,0.0,0.0,0.9683004934962067,9.41482196730442e-09,0.7200478787462894,60.58
UGC07690_rotmod,7,ok,False,0.0,False,4.13,1413707833.3357167,481375538.2063741,932332295.1293433,0.0,0.0,5.419025838519244,1.638107612430371e-08,0.08646957739434842,58.04
UGC07866_rotmod,7,ok,False,0.0,False,2.32,255115256.35194638,110920563.17269185,144194693.1792546,0.0,0.0,2.6087509467076564,5.2623685647601276e-09,0.4903124080452384,28.359999999999996
UGC08286_rotmod,17,review,False,0.0,True,8.04,2700489823.684496,1292984516.1424792,1407505307.542017,0.0,0.0,3.2756009962678254,1.607382782517501e-08,0.3822410337846987,83.54
UGC08490_rotmod,30,ok,False,0.0,False,10.15,2235406114.8012757,1194694479.4068573,1040711635.394418,0.0,0.0,2.4186737881961267,1.0539577655967902e-08,0.15336890483973808,77.38
UGC08550_rotmod,11,ok,False,0.0,False,5.36,907471911.1779222,605360038.299042,302111872.8788802,0.0,0.0,2.313473987551957,8.102167500424884e-09,0.29663740631087127,56.18000000000001
UGC08699_rotmod,41,ok,True,0.22,False,25.7,60440386956.03325,6927764790.429984,38788736127.8068,14723886037.796469,0.2436100557811983,26.526853655503306,1.1254518738035546e-07,-0.0003845782135404489,180.6
UGC08837_rotmod,8,review,False,0.0,True,4.2,1164833989.585077,514328332.2930598,650505657.2920173,0.0,0.0,2.478885429931581,1.3272341881540407e-08,0.9332929392745491,40.2
UGC09037_rotmod,22,ok,False,0.0,False,27.96,97502555696.54674,28817116821.577847,68685438874.968895,0.0,0.0,6.905710221508445,1.668828269905531e-07,0.3007024778689925,150.6
UGC09133_rotmod,68,review,True,0.32,True,108.31,352836740533.09326,66478702434.91395,205656717053.59164,80701321044.58763,0.228721422045385,24.587030662831946,1.5589710892895938e-07,-0.05447812506478598,224.8
UGC09992_rotmod,5,review,False,0.0,False,3.89,718303523.1775004,278566970.6152417,439736552.5622586,0.0,0.0,2.5496286425426318,8.83672237768064e-09,0.12267548269849554,32.02
UGC10310_rotmod,7,ok,False,0.0,False,7.74,3979753171.590168,1718239497.0708997,2261513674.519268,0.0,0.0,2.8474110395474947,2.460639507088278e-08,0.39057230187563485,70.28
UGC11455_rotmod,36,ok,False,0.0,False,41.93,435066478533.2895,23492904052.533947,411573574480.7555,0.0,0.0,74.4344197635502,4.965506742639681e-07,0.40861339590681345,268.6
UGC11557_rotmod,12,review,False,0.0,True,10.56,18092566122.12101,2730746420.749364,15361819701.371647,0.0,0.0,18.21881538562819,8.199154424185935e-08,0.8746817758124752,81.16
UGC11820_rotmod,10,review,False,0.0,True,15.82,5667026149.624595,4601531264.979817,1065494884.644777,0.0,0.0,0.8270577062656091,1.71427919020778e-08,0.38118282413628274,74.28999999999999
UGC11914_rotmod,65,ok,True,0.28,False,9.83,151876058290.68277,1960731109.7279859,112668526371.27348,37246800809.681274,0.2452447161776668,293.2599480295458,7.393815598748192e-07,0.09356319620065072,291.8
UGC12506_rotmod,31,ok,False,0.0,False,49.99,236810339382.44577,79280037584.08365,157530301798.36212,0.0,0.0,6.877906132141519,2.2669938357002032e-07,0.14294367207847744,229.4
UGC12632_rotmod,15,ok,False,0.0,False,10.66,4216071591.774102,2445225160.4670124,1770846431.3070889,0.0,0.0,1.7664614523334206,1.8927078700017455e-08,0.4011519550209877,72.2
UGC12732_rotmod,16,review,False,0.0,True,15.4,8600534666.958218,6744130389.427979,1856404277.5302374,0.0,0.0,1.3493541077118323,2.6726220408276357e-08,0.33696993298067635,91.56
UGCA281_rotmod,7,ok,False,0.0,False,1.08,94855072.44231944,25160408.550361127,69694663.89195833,0.0,0.0,3.9082140758740214,4.203099007795739e-09,0.5941490703787583,26.579999999999995
UGCA442_rotmod,8,ok,False,0.0,False,6.33,578902226.9133372,412913527.5716503,165988699.34168693,0.0,0.0,0.39634536532296816,4.376574503335171e-09,0.5322905662982269,54.9
UGCA444_rotmod,36,review,False,0.0,True,2.62,132965272.92367825,116175466.98320182,16789805.940476447,0.0,0.0,0.12658997427888163,2.428676965253053e-09,0.5693804354978995,36.96
